[
  {
    "shortDescription" : "yolov5",
    "metadataOutputVersion" : "3.0",
    "outputSchema" : [
      {
        "dataType" : "Double",
        "hasShapeFlexibility" : "1",
        "isOptional" : "0",
        "shapeFlexibility" : "0... × 80",
        "shapeRange" : "[[0, -1], [80, 80]]",
        "formattedType" : "MultiArray (Double 0 × 80)",
        "type" : "MultiArray",
        "shape" : "[0, 80]",
        "name" : "confidence",
        "shortDescription" : "Boxes × Class confidence"
      },
      {
        "dataType" : "Double",
        "hasShapeFlexibility" : "1",
        "isOptional" : "0",
        "shapeFlexibility" : "0... × 4",
        "shapeRange" : "[[0, -1], [4, 4]]",
        "formattedType" : "MultiArray (Double 0 × 4)",
        "type" : "MultiArray",
        "shape" : "[0, 4]",
        "name" : "coordinates",
        "shortDescription" : "Boxes × [x, y, width, height] (relative to image size)"
      }
    ],
    "version" : "1.0",
    "modelParameters" : [

    ],
    "author" : "Leon De Andrade",
    "specificationVersion" : 4,
    "storagePrecision" : "Float32",
    "computePrecision" : "Float16",
    "isUpdatable" : "0",
    "availability" : {
      "macOS" : "10.15",
      "tvOS" : "13.0",
      "visionOS" : "1.0",
      "watchOS" : "6.0",
      "iOS" : "13.0",
      "macCatalyst" : "13.0"
    },
    "modelType" : {
      "name" : "MLModelType_pipeline",
      "structure" : [
        {
          "name" : "MLModelType_neuralNetwork"
        },
        {
          "name" : "MLModelType_nonMaximumSuppression"
        }
      ]
    },
    "inputSchema" : [
      {
        "height" : "640",
        "colorspace" : "RGB",
        "isOptional" : "0",
        "width" : "640",
        "isColor" : "1",
        "formattedType" : "Image (Color 640 × 640)",
        "hasSizeFlexibility" : "0",
        "type" : "Image",
        "shortDescription" : "",
        "name" : "image"
      },
      {
        "isOptional" : "0",
        "formattedType" : "Double",
        "type" : "Double",
        "name" : "iouThreshold",
        "shortDescription" : "(optional) IOU Threshold override (Default: 0.6)"
      },
      {
        "isOptional" : "0",
        "formattedType" : "Double",
        "type" : "Double",
        "name" : "confidenceThreshold",
        "shortDescription" : "(optional) Confidence Threshold override (Default: 0.4)"
      }
    ],
    "classLabels" : [
      "person",
      "bicycle",
      "car",
      "motorcycle",
      "airplane",
      "bus",
      "train",
      "truck",
      "boat",
      "traffic light",
      "fire hydrant",
      "stop sign",
      "parking meter",
      "bench",
      "bird",
      "cat",
      "dog",
      "horse",
      "sheep",
      "cow",
      "elephant",
      "bear",
      "zebra",
      "giraffe",
      "backpack",
      "umbrella",
      "handbag",
      "tie",
      "suitcase",
      "frisbee",
      "skis",
      "snowboard",
      "sports ball",
      "kite",
      "baseball bat",
      "baseball glove",
      "skateboard",
      "surfboard",
      "tennis racket",
      "bottle",
      "wine glass",
      "cup",
      "fork",
      "knife",
      "spoon",
      "bowl",
      "banana",
      "apple",
      "sandwich",
      "orange",
      "broccoli",
      "carrot",
      "hot dog",
      "pizza",
      "donut",
      "cake",
      "chair",
      "couch",
      "potted plant",
      "bed",
      "dining table",
      "toilet",
      "tv",
      "laptop",
      "mouse",
      "remote",
      "keyboard",
      "cell phone",
      "microwave",
      "oven",
      "toaster",
      "sink",
      "refrigerator",
      "book",
      "clock",
      "vase",
      "scissors",
      "teddy bear",
      "hair drier",
      "toothbrush"
    ],
    "generatedClassName" : "yolov5s",
    "userDefinedMetadata" : {

    },
    "neuralNetworkLayerTypeHistogram" : {
      "Bias" : 3,
      "Concat" : 13,
      "UnaryPower" : 3,
      "Convolution" : 60,
      "ActivationSigmoid" : 60,
      "ReshapeStatic" : 3,
      "LoadConstantND" : 3,
      "FlattenTo2D" : 6,
      "MultiplyBroadcastable" : 3,
      "Scale" : 3,
      "PoolingMax" : 3,
      "Transpose" : 3,
      "UpsampleNearestNeighbor" : 2,
      "Add" : 10,
      "Multiply" : 69,
      "ConcatND" : 5,
      "Slice" : 12
    },
    "method" : "predict"
  }
]